{"cameraZoom":1.0,"characters":{"bf":{"cameraOffset":[-405.0,454.0],"position":[714.0,-459.0],"scale":[1.0,1.0],"zIndex":21}},"name":"stage_test","props":[{"assetPath":"fnf/week1/stagefront.png","name":"tarima","opacity":1.0,"position":[0.0,-600.0],"scale":[1.100000023841858,1.100000023841858],"scroll":[0.0,0.0],"zIndex":20},{"assetPath":"fnf/week1/stagecurtains.png","name":"cortinas","opacity":1.0,"position":[-208.20004272460938,-244.0],"scale":[0.8999999761581421,0.8999999761581421],"scroll":[-0.30000001192092896,-0.30000001192092896],"zIndex":30},{"assetPath":"fnf/week1/stageback.png","name":"back","opacity":1.0,"position":[69.40000915527344,-201.0],"scale":[1.0,1.0],"scroll":[0.10000000149011612,0.10000000149011612],"zIndex":0},{"assetPath":"fnf/week1/stage_light.png","name":"luz","opacity":1.0,"position":[-1322.199951171875,537.0],"scale":[1.0,1.0],"scroll":[-0.30000001192092896,-0.30000001192092896],"zIndex":29}]}